Test_No,Experience,Education,Skills,AI Engineer,Cloud Engineer,Data Scientist,DevOps Engineer,Frontend Developer,Full Stack Developer,Machine Learning Engineer,Mobile App Developer
1,3,B.Tech,"Python, ML, SQL",0.15735419947997406,0.03175696566503253,0.03898848186727469,0.029170946303155507,0.026464107873004326,0.02518253682128422,0.02107944482534399,0.6700033171649306
2,5,M.Tech,"Java, Spring",0.37848105761928924,0.022090179930345104,0.018325264663409033,0.036800314939510394,0.01980308754846711,0.01940432944102159,0.013732014531764225,0.4913637513261933
3,1,B.Sc,"HTML, CSS, JS",0.09738995416176316,0.06613385148655393,0.07173926124465858,0.08367214753486767,0.05369089598873205,0.051008338002976016,0.07783004813947975,0.49853550344096886
